[
{
    "pk": 1,
    "model": "bfrs.prescription",
    "fields": {
        "burn_id": "PIL_001"
    }
},
{
    "pk": 2,
    "model": "bfrs.prescription",
    "fields": {
        "burn_id": "PIL_002"
    }
},
{
    "pk": 3,
    "model": "bfrs.prescription",
    "fields": {
        "burn_id": "PIL_003"
    }
},
{
    "pk": 4,
    "model": "bfrs.prescription",
    "fields": {
        "burn_id": "PIL_004"
    }
},
{
    "pk": 5,
    "model": "bfrs.prescription",
    "fields": {
        "burn_id": "PIL_005"
    }
},

{
    "pk": 1,
    "model": "bfrs.region",
    "fields": {
        "name": "Goldfields"
    }
},
{
    "pk": 2,
    "model": "bfrs.region",
    "fields": {
        "name": "Kimberley"
    }
},
{
    "pk": 3,
    "model": "bfrs.region",
    "fields": {
        "name": "Midwest"
    }
},
{
    "pk": 4,
    "model": "bfrs.region",
    "fields": {
        "name": "Pilbara"
    }
},
{
    "pk": 5,
    "model": "bfrs.region",
    "fields": {
        "name": "South Coast"
    }
},
{
    "pk": 6,
    "model": "bfrs.region",
    "fields": {
        "name": "South West"
    }
},
{
    "pk": 7,
    "model": "bfrs.region",
    "fields": {
        "name": "Swan"
    }
},
{
    "pk": 8,
    "model": "bfrs.region",
    "fields": {
        "name": "Warren"
    }
},
{
    "pk": 9,
    "model": "bfrs.region",
    "fields": {
        "name": "Wheatbelt"
    }
},
{
    "pk": 1,
    "model": "bfrs.district",
    "fields": {
        "archive_date": null,
        "region": 1,
        "code": "KAL",
        "name": "Kalgoorlie"
    }
},
{
    "pk": 2,
    "model": "bfrs.district",
    "fields": {
        "archive_date": null,
        "region": 2,
        "code": "EKM",
        "name": "East Kimberley"
    }
},
{
    "pk": 3,
    "model": "bfrs.district",
    "fields": {
        "archive_date": null,
        "region": 2,
        "code": "WKM",
        "name": "West Kimberley"
    }
},
{
    "pk": 4,
    "model": "bfrs.district",
    "fields": {
        "archive_date": null,
        "region": 3,
        "code": "GER",
        "name": "Geraldton"
    }
},
{
    "pk": 5,
    "model": "bfrs.district",
    "fields": {
        "archive_date": null,
        "region": 3,
        "code": "MOR",
        "name": "Moora"
    }
},
{
    "pk": 6,
    "model": "bfrs.district",
    "fields": {
        "archive_date": null,
        "region": 3,
        "code": "SHB",
        "name": "Shark Bay"
    }
},
{
    "pk": 7,
    "model": "bfrs.district",
    "fields": {
        "archive_date": null,
        "region": 4,
        "code": "EXM",
        "name": "Exmouth"
    }
},
{
    "pk": 8,
    "model": "bfrs.district",
    "fields": {
        "archive_date": null,
        "region": 4,
        "code": "PIL",
        "name": "Pilbara"
    }
},
{
    "pk": 9,
    "model": "bfrs.district",
    "fields": {
        "archive_date": null,
        "region": 5,
        "code": "ALB",
        "name": "Albany"
    }
},
{
    "pk": 10,
    "model": "bfrs.district",
    "fields": {
        "archive_date": null,
        "region": 5,
        "code": "ESP",
        "name": "Esperance"
    }
},
{
    "pk": 11,
    "model": "bfrs.district",
    "fields": {
        "archive_date": null,
        "region": 6,
        "code": "BWD",
        "name": "Blackwood"
    }
},
{
    "pk": 12,
    "model": "bfrs.district",
    "fields": {
        "archive_date": null,
        "region": 6,
        "code": "WTN",
        "name": "Wellington"
    }
},
{
    "pk": 13,
    "model": "bfrs.district",
    "fields": {
        "archive_date": null,
        "region": 7,
        "code": "PHS",
        "name": "Perth Hills"
    }
},
{
    "pk": 14,
    "model": "bfrs.district",
    "fields": {
        "archive_date": null,
        "region": 7,
        "code": "SWC",
        "name": "Swan Coastal"
    }
},
{
    "pk": 15,
    "model": "bfrs.district",
    "fields": {
        "archive_date": null,
        "region": 8,
        "code": "DON",
        "name": "Donnelly"
    }
},
{
    "pk": 16,
    "model": "bfrs.district",
    "fields": {
        "archive_date": null,
        "region": 8,
        "code": "FRK",
        "name": "Frankland"
    }
},
{
    "pk": 17,
    "model": "bfrs.district",
    "fields": {
        "archive_date": null,
        "region": 9,
        "code": "CWB",
        "name": "Central Wheatbelt"
    }
},
{
    "pk": 18,
    "model": "bfrs.district",
    "fields": {
        "archive_date": "2015-08-06",
        "region": 9,
        "code": "GSN",
        "name": "Great Southern"
    }
},
{
    "pk": 19,
    "model": "bfrs.district",
    "fields": {
        "archive_date": null,
        "region": 9,
        "code": "SWB",
        "name": "Southern Wheatbelt"
    }
},
{
    "pk": 1,
    "model": "bfrs.tenure",
    "fields": {
        "name": "National Park"
    }
},
{
    "pk": 2,
    "model": "bfrs.tenure",
    "fields": {
        "name": "Nature Reserve"
    }
},
{
    "pk": 3,
    "model": "bfrs.tenure",
    "fields": {
        "name": "State Forest"
    }
},
{
    "pk": 4,
    "model": "bfrs.tenure",
    "fields": {
        "name": "Unallocated crown land"
    }
},
{
    "pk": 5,
    "model": "bfrs.tenure",
    "fields": {
        "name": "Unallocated crown reserve"
    }
},
{
    "pk": 6,
    "model": "bfrs.tenure",
    "fields": {
        "name": "Miscellaneous reserve"
    }
},
{
    "pk": 7,
    "model": "bfrs.tenure",
    "fields": {
        "name": "Private property"
    }
},
{
    "pk": 8,
    "model": "bfrs.tenure",
    "fields": {
        "name": "Other (specify)"
    }
},
{
    "pk": 29,
    "model": "bfrs.fueltype",
    "fields": {
        "name": "Forest Northern Jarrah"
    }
},
{
    "pk": 30,
    "model": "bfrs.fueltype",
    "fields": {
        "name": "Forest Southern Jarrah"
    }
},
{
    "pk": 31,
    "model": "bfrs.fueltype",
    "fields": {
        "name": "Forest Mixed Karri"
    }
},
{
    "pk": 32,
    "model": "bfrs.fueltype",
    "fields": {
        "name": "Forest Karri 4&5"
    }
},
{
    "pk": 33,
    "model": "bfrs.fueltype",
    "fields": {
        "name": "Woodland Wandoo"
    }
},
{
    "pk": 34,
    "model": "bfrs.fueltype",
    "fields": {
        "name": "Forest Tuart"
    }
},
{
    "pk": 36,
    "model": "bfrs.fueltype",
    "fields": {
        "name": "Forest Tingle"
    }
},
{
    "pk": 38,
    "model": "bfrs.fueltype",
    "fields": {
        "name": "Plantation Conifer radiata needle bed"
    }
},
{
    "pk": 39,
    "model": "bfrs.fueltype",
    "fields": {
        "name": "Plantation Conifer pinaster needle bed"
    }
},
{
    "pk": 40,
    "model": "bfrs.fueltype",
    "fields": {
        "name": "Plantation Conifer other"
    }
},
{
    "pk": 41,
    "model": "bfrs.fueltype",
    "fields": {
        "name": "Woodland Banksia"
    }
},
{
    "pk": 42,
    "model": "bfrs.fueltype",
    "fields": {
        "name": "Woodland Other Eucalypt"
    }
},
{
    "pk": 43,
    "model": "bfrs.fueltype",
    "fields": {
        "name": "Heath Southern Forest"
    }
},
{
    "pk": 45,
    "model": "bfrs.fueltype",
    "fields": {
        "name": "Grassland Southern"
    }
},
{
    "pk": 46,
    "model": "bfrs.fueltype",
    "fields": {
        "name": "Shrubland Acacia"
    }
},
{
    "pk": 48,
    "model": "bfrs.fueltype",
    "fields": {
        "name": "Woodland Tropical"
    }
},
{
    "pk": 49,
    "model": "bfrs.fueltype",
    "fields": {
        "name": "Woodland Pindan"
    }
},
{
    "pk": 50,
    "model": "bfrs.fueltype",
    "fields": {
        "name": "Heath Mallee"
    }
},
{
    "pk": 51,
    "model": "bfrs.fueltype",
    "fields": {
        "name": "Heath Kwongan"
    }
},
{
    "pk": 52,
    "model": "bfrs.fueltype",
    "fields": {
        "name": "Grassland Hummock"
    }
},
{
    "pk": 53,
    "model": "bfrs.fueltype",
    "fields": {
        "name": "Shrubland Other"
    }
},
{
    "pk": 55,
    "model": "bfrs.fueltype",
    "fields": {
        "name": "Forest Other"
    }
},
{
    "pk": 57,
    "model": "bfrs.fueltype",
    "fields": {
        "name": "Grassland Northern"
    }
},
{
    "pk": 58,
    "model": "bfrs.fueltype",
    "fields": {
        "name": "Heath Tropical Sandstone"
    }
},
{
    "pk": 59,
    "model": "bfrs.fueltype",
    "fields": {
        "name": "Heath Sandplain"
    }
},
{
    "pk": 60,
    "model": "bfrs.fueltype",
    "fields": {
        "name": "Heath South Coast"
    }
},
{
    "pk": 61,
    "model": "bfrs.fueltype",
    "fields": {
        "name": "Forest Karri 1&2"
    }
},
{
    "pk": 62,
    "model": "bfrs.fueltype",
    "fields": {
        "name": "Forest Karri 3&6"
    }
},
{
    "pk": 63,
    "model": "bfrs.fueltype",
    "fields": {
        "name": "Forest Karri Regeneration"
    }
},
{
    "pk": 64,
    "model": "bfrs.fueltype",
    "fields": {
        "name": "Forest Jarrah regeneration"
    }
},
{
    "pk": 65,
    "model": "bfrs.fueltype",
    "fields": {
        "name": "Forest Mine site Rehabilitation"
    }
},
{
    "pk": 66,
    "model": "bfrs.fueltype",
    "fields": {
        "name": "Forest Tropical Open"
    }
},
{
    "pk": 67,
    "model": "bfrs.fueltype",
    "fields": {
        "name": "Plantation Conifer radiata green tops"
    }
},
{
    "pk": 68,
    "model": "bfrs.fueltype",
    "fields": {
        "name": "Plantation Conifer pinaster green tops"
    }
},
{
    "pk": 69,
    "model": "bfrs.fueltype",
    "fields": {
        "name": "Plantation Conifer radiata grey tops"
    }
},
{
    "pk": 70,
    "model": "bfrs.fueltype",
    "fields": {
        "name": "Plantation Conifer pinaster grey tops"
    }
},
{
    "pk": 71,
    "model": "bfrs.fueltype",
    "fields": {
        "name": "Plantation Conifer radiata red tops"
    }
},
{
    "pk": 72,
    "model": "bfrs.fueltype",
    "fields": {
        "name": "Plantation Conifer pinaster red tops"
    }
},
{
    "pk": 73,
    "model": "bfrs.fueltype",
    "fields": {
        "name": "Plantation Conifer radiata thinned"
    }
},
{
    "pk": 74,
    "model": "bfrs.fueltype",
    "fields": {
        "name": "Plantation Conifer pinaster thinned"
    }
},
{
    "pk": 75,
    "model": "bfrs.fueltype",
    "fields": {
        "name": "Plantation Conifer radiata un-thinned"
    }
},
{
    "pk": 76,
    "model": "bfrs.fueltype",
    "fields": {
        "name": "Plantation Conifer pinaster un-thinned"
    }
},
{
    "pk": 77,
    "model": "bfrs.fueltype",
    "fields": {
        "name": "Plantation Conifer slash"
    }
},
{
    "pk": 78,
    "model": "bfrs.fueltype",
    "fields": {
        "name": "Plantation Eucalypt thinned"
    }
},
{
    "pk": 79,
    "model": "bfrs.fueltype",
    "fields": {
        "name": "Plantation Eucalypt un-thinned"
    }
},
{
    "pk": 80,
    "model": "bfrs.fueltype",
    "fields": {
        "name": "Plantation Eucalypt slash"
    }
},
{
    "pk": 81,
    "model": "bfrs.fueltype",
    "fields": {
        "name": "Modified Fuels Heaped conifer"
    }
},
{
    "pk": 82,
    "model": "bfrs.fueltype",
    "fields": {
        "name": "Modified Fuels Heaped eucalypt"
    }
},
{
    "pk": 83,
    "model": "bfrs.fueltype",
    "fields": {
        "name": "Modified Fuels Windrow conifer"
    }
},
{
    "pk": 84,
    "model": "bfrs.fueltype",
    "fields": {
        "name": "Modified Fuels Windrow eucalypt"
    }
},
{
    "pk": 85,
    "model": "bfrs.fueltype",
    "fields": {
        "name": "Modified Fuels Slash conifer"
    }
},
{
    "pk": 86,
    "model": "bfrs.fueltype",
    "fields": {
        "name": "Modified Fuels Slash eucalypt"
    }
},
{
    "pk": 87,
    "model": "bfrs.fueltype",
    "fields": {
        "name": "Modified Fuels Chopper rolled"
    }
},
{
    "pk": 88,
    "model": "bfrs.fueltype",
    "fields": {
        "name": "Modified Fuels Scrub rolled/chained"
    }
},
{
    "pk": 89,
    "model": "bfrs.fueltype",
    "fields": {
        "name": "Modified Fuels Slashing/mowing"
    }
},

{
    "fields": {
        "username": "jm",
        "first_name": "Jawaid",
        "last_name": "Mushtaq",
        "is_active": true,
        "is_superuser": true,
        "is_staff": true,
        "last_login": "2016-06-01T08:59:44.216Z",
        "groups": [],
        "user_permissions": [],
        "password": "pbkdf2_sha256$15000$gUMrMaAB0RQa$WDnO/9OEiXa3A2CuynvB5SLuPGlKkC4CYVZemCKqmjQ=",
        "email": "",
        "date_joined": "2016-06-01T08:59:14.598Z"
    },
    "model": "auth.user",
    "pk": 1
},
{
    "fields": {
        "username": "wilsonc",
        "first_name": "Wilson",
        "last_name": "Cheung",
        "is_active": true,
        "is_superuser": true,
        "is_staff": true,
        "last_login": "2016-06-01T08:59:44.216Z",
        "groups": [],
        "user_permissions": [],
        "password": "",
        "email": "",
        "date_joined": "2016-06-01T08:59:14.598Z"
    },
    "model": "auth.user",
    "pk": 2
}

]
